{"is_source_file": true, "format": "Python", "description": "This is the main FastAPI application file initializing the web server, configuring CORS middleware, and defining a health check endpoint.", "external_files": ["fastapi", "fastapi.middleware.cors"], "external_methods": ["FastAPI", "CORSMiddleware"], "published": ["app"], "classes": [], "methods": [{"name": "health_check()", "description": "Defines a GET endpoint at '/' that returns a simple health status message.", "scope": "", "scopeKind": ""}], "calls": ["app.add_middleware", "CORSMiddleware", "app.get"], "search-terms": ["main.py", "FastAPI", "CORS middleware", "health check", "web server", "API endpoint"], "state": 2, "file_id": 3, "knowledge_revision": 9, "git_revision": "a190ea15ec4606cb17c1644bb260e5413855b78d", "ctags": [{"_type": "tag", "name": "app", "path": "/home/kavia/workspace/code-generation/nutrivision-health-scanner-9551-9561/backend_api/src/api/main.py", "pattern": "/^app = FastAPI()$/", "language": "Python", "kind": "variable"}, {"_type": "tag", "name": "health_check", "path": "/home/kavia/workspace/code-generation/nutrivision-health-scanner-9551-9561/backend_api/src/api/main.py", "pattern": "/^def health_check():$/", "language": "Python", "kind": "function", "signature": "()"}], "hash": "58352bf5f133908bab16643199aa483d", "format-version": 4, "code-base-name": "backend_api", "filename": "backend_api/src/api/main.py", "fields": [{"name": "app = FastAPI()", "scope": "", "scopeKind": "", "description": "unavailable"}], "revision_history": [{"9": "a190ea15ec4606cb17c1644bb260e5413855b78d"}]}