{"is_source_file": true, "format": "Python", "description": "This file generates and writes the OpenAPI schema for the application to a JSON file.", "external_files": ["src/api/main"], "external_methods": ["app.openapi()"], "published": [], "classes": [], "methods": [], "calls": ["app.openapi()", "os.makedirs", "os.path.join", "json.dump"], "search-terms": ["generate_openapi", "openapi_schema", "openapi.json", "interfaces", "app.openapi"], "state": 2, "file_id": 2, "knowledge_revision": 8, "git_revision": "a190ea15ec4606cb17c1644bb260e5413855b78d", "ctags": [{"_type": "tag", "name": "openapi_schema", "path": "/home/kavia/workspace/code-generation/nutrivision-health-scanner-9551-9561/backend_api/src/api/generate_openapi.py", "pattern": "/^openapi_schema = app.openapi()$/", "language": "Python", "kind": "variable"}, {"_type": "tag", "name": "output_dir", "path": "/home/kavia/workspace/code-generation/nutrivision-health-scanner-9551-9561/backend_api/src/api/generate_openapi.py", "pattern": "/^output_dir = \"interfaces\"$/", "language": "Python", "kind": "variable"}, {"_type": "tag", "name": "output_path", "path": "/home/kavia/workspace/code-generation/nutrivision-health-scanner-9551-9561/backend_api/src/api/generate_openapi.py", "pattern": "/^output_path = os.path.join(output_dir, \"openapi.json\")$/", "language": "Python", "kind": "variable"}], "hash": "61e3715e79bc397fab3e70f503a41417", "format-version": 4, "code-base-name": "backend_api", "filename": "backend_api/src/api/generate_openapi.py", "fields": [{"name": "openapi_schema = app.openapi()", "scope": "", "scopeKind": "", "description": "unavailable"}, {"name": "output_dir = \"interfaces\"", "scope": "", "scopeKind": "", "description": "unavailable"}, {"name": "output_path = os.path.join(output_dir, \"openapi.json\")", "scope": "", "scopeKind": "", "description": "unavailable"}], "revision_history": [{"8": "a190ea15ec4606cb17c1644bb260e5413855b78d"}]}